{"loss": [1.3877875804901123, 0.4447537362575531, 0.27255985140800476, 0.18502305448055267, 0.1384844034910202, 0.10566017776727676, 0.08812255412340164, 0.07552243024110794, 0.06485486775636673, 0.05616607889533043], "accuracy": [0.5945515036582947, 0.8589088916778564, 0.9122270345687866, 0.9387012124061584, 0.9534106254577637, 0.9646632075309753, 0.9714346528053284, 0.9751760363578796, 0.978888988494873, 0.9818621277809143], "val_loss": [0.4914369583129883, 0.3135797679424286, 0.2197246253490448, 0.22092783451080322, 0.13056935369968414, 0.24001501500606537, 0.1297951638698578, 0.16523638367652893, 0.10379767417907715, 0.12798918783664703], "val_accuracy": [0.8447530269622803, 0.8973935842514038, 0.9265877604484558, 0.9276690483093262, 0.9569200873374939, 0.930229902267456, 0.9589118957519531, 0.9528226852416992, 0.967391312122345, 0.9618711471557617]}